{
  "model": "/home/zhangping/zrc/RWKV-4-Pile-430M-20220808-8066.pth",
  "tasks": [
    "hellaswag",
    "lambada_openai",
    "piqa",
    "winogrande",
    "arc_challenge",
    "arc_easy",
    "sciq",
    "glue"
  ],
  "num_fewshot": 0,
  "results": {
    "glue": {
      "f1,none": 0.5399641153419859,
      "f1_stderr,none": 0.0026425829969100997,
      "mcc,none": -0.02339059069282274,
      "mcc_stderr,none": 0.028727885386188756,
      "acc,none": 0.37900488327775134,
      "acc_stderr,none": 0.001856787615672055,
      "alias": "glue"
    },
    "cola": {
      "mcc,none": -0.02339059069282274,
      "mcc_stderr,none": 0.028727885386188756,
      "alias": " - cola"
    },
    "mnli": {
      "acc,none": 0.3420275089149261,
      "acc_stderr,none": 0.004788630862472729,
      "alias": " - mnli"
    },
    "mnli_mismatch": {
      "acc,none": 0.3449959316517494,
      "acc_stderr,none": 0.0047943544385349686,
      "alias": " - mnli_mismatch"
    },
    "mrpc": {
      "acc,none": 0.6862745098039216,
      "acc_stderr,none": 0.02299993627794339,
      "f1,none": 0.8134110787172012,
      "f1_stderr,none": 0.019127662300299664,
      "alias": " - mrpc"
    },
    "qnli": {
      "acc,none": 0.4933186893648179,
      "acc_stderr,none": 0.006764806510150328,
      "alias": " - qnli"
    },
    "qqp": {
      "acc,none": 0.3688102893890675,
      "acc_stderr,none": 0.0023995785443237075,
      "f1,none": 0.5372046208810142,
      "f1_stderr,none": 0.0026622466721281835,
      "alias": " - qqp"
    },
    "rte": {
      "acc,none": 0.5487364620938628,
      "acc_stderr,none": 0.02995314924180891,
      "alias": " - rte"
    },
    "sst2": {
      "acc,none": 0.7327981651376146,
      "acc_stderr,none": 0.014993493204432584,
      "alias": " - sst2"
    },
    "wnli": {
      "acc,none": 0.43661971830985913,
      "acc_stderr,none": 0.05927935558412972,
      "alias": " - wnli"
    },
    "sciq": {
      "acc,none": 0.807,
      "acc_stderr,none": 0.012486268734370044,
      "acc_norm,none": 0.722,
      "acc_norm_stderr,none": 0.014174516461485272,
      "alias": "sciq"
    },
    "arc_easy": {
      "acc,none": 0.5277777777777778,
      "acc_stderr,none": 0.010243938285880985,
      "acc_norm,none": 0.4696969696969697,
      "acc_norm_stderr,none": 0.010240923608726409,
      "alias": "arc_easy"
    },
    "arc_challenge": {
      "acc,none": 0.24061433447098976,
      "acc_stderr,none": 0.012491468532390682,
      "acc_norm,none": 0.25170648464163825,
      "acc_norm_stderr,none": 0.012682496334042911,
      "alias": "arc_challenge"
    },
    "winogrande": {
      "acc,none": 0.5201262825572218,
      "acc_stderr,none": 0.014041096664344348,
      "alias": "winogrande"
    },
    "piqa": {
      "acc,none": 0.676822633297062,
      "acc_stderr,none": 0.010911974124281996,
      "acc_norm,none": 0.676278563656148,
      "acc_norm_stderr,none": 0.01091676501070871,
      "alias": "piqa"
    },
    "lambada_openai": {
      "perplexity,none": 13.052246172823772,
      "perplexity_stderr,none": 0.3751365353369714,
      "acc,none": 0.45080535610324085,
      "acc_stderr,none": 0.0069321787551012305,
      "alias": "lambada_openai"
    },
    "hellaswag": {
      "acc,none": 0.3397729535949014,
      "acc_stderr,none": 0.004726640532562339,
      "acc_norm,none": 0.4084843656642103,
      "acc_norm_stderr,none": 0.004905489494004759,
      "alias": "hellaswag"
    }
  }
}