{
  "model": "/home/zhangping/zrc/RWKV-x070-World-2.9B-v3-20250211-ctx4096",
  "tasks": [
    "lambada_multilingual",
    "xnli",
    "xcopa",
    "xstorycloze",
    "xwinograd",
    "pawsx"
  ],
  "num_fewshot": 0,
  "results": {
    "pawsx": {
      "acc,none": 0.426,
      "acc_stderr,none": 0.00414762402659672,
      "alias": "pawsx"
    },
    "paws_de": {
      "acc,none": 0.366,
      "acc_stderr,none": 0.010774044738166351,
      "alias": " - paws_de"
    },
    "paws_en": {
      "acc,none": 0.395,
      "acc_stderr,none": 0.010933767586555808,
      "alias": " - paws_en"
    },
    "paws_es": {
      "acc,none": 0.352,
      "acc_stderr,none": 0.010681996654477248,
      "alias": " - paws_es"
    },
    "paws_fr": {
      "acc,none": 0.4545,
      "acc_stderr,none": 0.011136735987003647,
      "alias": " - paws_fr"
    },
    "paws_ja": {
      "acc,none": 0.5485,
      "acc_stderr,none": 0.011130400617630726,
      "alias": " - paws_ja"
    },
    "paws_ko": {
      "acc,none": 0.4515,
      "acc_stderr,none": 0.011130400617630726,
      "alias": " - paws_ko"
    },
    "paws_zh": {
      "acc,none": 0.4145,
      "acc_stderr,none": 0.011018419931591573,
      "alias": " - paws_zh"
    },
    "xwinograd": {
      "acc,none": 0.8181613845808047,
      "acc_stderr,none": 0.0057120646832434134,
      "alias": "xwinograd"
    },
    "xwinograd_en": {
      "acc,none": 0.8722580645161291,
      "acc_stderr,none": 0.006924225147336651,
      "alias": " - xwinograd_en"
    },
    "xwinograd_fr": {
      "acc,none": 0.7951807228915663,
      "acc_stderr,none": 0.04456679569425886,
      "alias": " - xwinograd_fr"
    },
    "xwinograd_jp": {
      "acc,none": 0.7612095933263816,
      "acc_stderr,none": 0.013774562360361389,
      "alias": " - xwinograd_jp"
    },
    "xwinograd_pt": {
      "acc,none": 0.7718631178707225,
      "acc_stderr,none": 0.02592490955924434,
      "alias": " - xwinograd_pt"
    },
    "xwinograd_ru": {
      "acc,none": 0.6793650793650794,
      "acc_stderr,none": 0.026338570219813992,
      "alias": " - xwinograd_ru"
    },
    "xwinograd_zh": {
      "acc,none": 0.7916666666666666,
      "acc_stderr,none": 0.018107836663152084,
      "alias": " - xwinograd_zh"
    },
    "xstorycloze": {
      "acc,none": 0.6472534745201853,
      "acc_stderr,none": 0.00367175710544862,
      "alias": "xstorycloze"
    },
    "xstorycloze_ar": {
      "acc,none": 0.6128391793514228,
      "acc_stderr,none": 0.012535177511067476,
      "alias": " - xstorycloze_ar"
    },
    "xstorycloze_en": {
      "acc,none": 0.7928524156187955,
      "acc_stderr,none": 0.010429119405158034,
      "alias": " - xstorycloze_en"
    },
    "xstorycloze_es": {
      "acc,none": 0.7160820648577101,
      "acc_stderr,none": 0.011603508867763112,
      "alias": " - xstorycloze_es"
    },
    "xstorycloze_eu": {
      "acc,none": 0.6048974189278623,
      "acc_stderr,none": 0.012580772976133131,
      "alias": " - xstorycloze_eu"
    },
    "xstorycloze_hi": {
      "acc,none": 0.614824619457313,
      "acc_stderr,none": 0.012523231571141132,
      "alias": " - xstorycloze_hi"
    },
    "xstorycloze_id": {
      "acc,none": 0.685638649900728,
      "acc_stderr,none": 0.011947409363762554,
      "alias": " - xstorycloze_id"
    },
    "xstorycloze_my": {
      "acc,none": 0.5618795499669094,
      "acc_stderr,none": 0.012768206616277616,
      "alias": " - xstorycloze_my"
    },
    "xstorycloze_ru": {
      "acc,none": 0.6776968894771674,
      "acc_stderr,none": 0.012027116588107614,
      "alias": " - xstorycloze_ru"
    },
    "xstorycloze_sw": {
      "acc,none": 0.557246856386499,
      "acc_stderr,none": 0.012782510750319316,
      "alias": " - xstorycloze_sw"
    },
    "xstorycloze_te": {
      "acc,none": 0.6326935804103243,
      "acc_stderr,none": 0.01240573499395839,
      "alias": " - xstorycloze_te"
    },
    "xstorycloze_zh": {
      "acc,none": 0.6631369953673064,
      "acc_stderr,none": 0.01216297499613646,
      "alias": " - xstorycloze_zh"
    },
    "xcopa": {
      "acc,none": 0.6278181818181818,
      "acc_stderr,none": 0.0064392663746255,
      "alias": "xcopa"
    },
    "xcopa_et": {
      "acc,none": 0.606,
      "acc_stderr,none": 0.02187429930168918,
      "alias": " - xcopa_et"
    },
    "xcopa_ht": {
      "acc,none": 0.534,
      "acc_stderr,none": 0.022331264423258324,
      "alias": " - xcopa_ht"
    },
    "xcopa_id": {
      "acc,none": 0.726,
      "acc_stderr,none": 0.019966103540279518,
      "alias": " - xcopa_id"
    },
    "xcopa_it": {
      "acc,none": 0.726,
      "acc_stderr,none": 0.019966103540279518,
      "alias": " - xcopa_it"
    },
    "xcopa_qu": {
      "acc,none": 0.5,
      "acc_stderr,none": 0.022383074051792257,
      "alias": " - xcopa_qu"
    },
    "xcopa_sw": {
      "acc,none": 0.568,
      "acc_stderr,none": 0.022175109265613186,
      "alias": " - xcopa_sw"
    },
    "xcopa_ta": {
      "acc,none": 0.6,
      "acc_stderr,none": 0.02193084412072858,
      "alias": " - xcopa_ta"
    },
    "xcopa_th": {
      "acc,none": 0.576,
      "acc_stderr,none": 0.022122993778135334,
      "alias": " - xcopa_th"
    },
    "xcopa_tr": {
      "acc,none": 0.644,
      "acc_stderr,none": 0.021434712356072687,
      "alias": " - xcopa_tr"
    },
    "xcopa_vi": {
      "acc,none": 0.71,
      "acc_stderr,none": 0.020313179231745138,
      "alias": " - xcopa_vi"
    },
    "xcopa_zh": {
      "acc,none": 0.716,
      "acc_stderr,none": 0.020186703693570777,
      "alias": " - xcopa_zh"
    },
    "xnli": {
      "acc,none": 0.4573654390934844,
      "acc_stderr,none": 0.0024097237815165263,
      "alias": "xnli"
    },
    "xnli_ar": {
      "acc,none": 0.3349397590361446,
      "acc_stderr,none": 0.009460223484996554,
      "alias": " - xnli_ar"
    },
    "xnli_bg": {
      "acc,none": 0.4674698795180723,
      "acc_stderr,none": 0.010000839483876062,
      "alias": " - xnli_bg"
    },
    "xnli_de": {
      "acc,none": 0.4923694779116466,
      "acc_stderr,none": 0.010020905731542318,
      "alias": " - xnli_de"
    },
    "xnli_el": {
      "acc,none": 0.42088353413654617,
      "acc_stderr,none": 0.009895812914052208,
      "alias": " - xnli_el"
    },
    "xnli_en": {
      "acc,none": 0.5441767068273092,
      "acc_stderr,none": 0.009982878443738378,
      "alias": " - xnli_en"
    },
    "xnli_es": {
      "acc,none": 0.4706827309236948,
      "acc_stderr,none": 0.010004830045544,
      "alias": " - xnli_es"
    },
    "xnli_eu": {
      "acc,none": 0.49101796407185627,
      "acc_stderr,none": 0.007063572418158201,
      "alias": " - xnli_eu"
    },
    "xnli_fr": {
      "acc,none": 0.5176706827309236,
      "acc_stderr,none": 0.01001581206646132,
      "alias": " - xnli_fr"
    },
    "xnli_hi": {
      "acc,none": 0.46626506024096387,
      "acc_stderr,none": 0.009999235684721485,
      "alias": " - xnli_hi"
    },
    "xnli_ru": {
      "acc,none": 0.4819277108433735,
      "acc_stderr,none": 0.01001552415662988,
      "alias": " - xnli_ru"
    },
    "xnli_sw": {
      "acc,none": 0.40080321285140563,
      "acc_stderr,none": 0.009822858473047306,
      "alias": " - xnli_sw"
    },
    "xnli_th": {
      "acc,none": 0.44136546184738956,
      "acc_stderr,none": 0.009952922349377597,
      "alias": " - xnli_th"
    },
    "xnli_tr": {
      "acc,none": 0.4734939759036145,
      "acc_stderr,none": 0.01000798055773262,
      "alias": " - xnli_tr"
    },
    "xnli_ur": {
      "acc,none": 0.41004016064257026,
      "acc_stderr,none": 0.009858525713807988,
      "alias": " - xnli_ur"
    },
    "xnli_vi": {
      "acc,none": 0.4465863453815261,
      "acc_stderr,none": 0.009964722457358707,
      "alias": " - xnli_vi"
    },
    "xnli_zh": {
      "acc,none": 0.42409638554216866,
      "acc_stderr,none": 0.009905918244994323,
      "alias": " - xnli_zh"
    },
    "lambada_multilingual": {
      "acc,none": 0.5234620609353775,
      "acc_stderr,none": 0.003035386494180511,