{
  "model": "/home/zhangping/zrc/RWKV-x060-World-3B-v2.1-20240417-ctx4096",
  "tasks": [
    "hellaswag",
    "lambada_openai",
    "piqa",
    "winogrande",
    "arc_challenge",
    "arc_easy",
    "sciq",
    "glue"
  ],
  "num_fewshot": 0,
  "results": {
    "glue": {
      "acc,none": 0.5589268699380657,
      "acc_stderr,none": 0.001869578710851732,
      "f1,none": 0.007555715532189705,
      "f1_stderr,none": 0.00024844153889286335,
      "mcc,none": 0.011440731765269083,
      "mcc_stderr,none": 0.032772658080607496,
      "alias": "glue"
    },
    "cola": {
      "mcc,none": 0.011440731765269083,
      "mcc_stderr,none": 0.032772658080607496,
      "alias": " - cola"
    },
    "mnli": {
      "acc,none": 0.39867549668874175,
      "acc_stderr,none": 0.00494243760993452,
      "alias": " - mnli"
    },
    "mnli_mismatch": {
      "acc,none": 0.39971521562245726,
      "acc_stderr,none": 0.004940320903120686,
      "alias": " - mnli_mismatch"
    },
    "mrpc": {
      "acc,none": 0.6642156862745098,
      "acc_stderr,none": 0.023409253319707158,
      "f1,none": 0.7429643527204502,
      "f1_stderr,none": 0.020874914604952943,
      "alias": " - mrpc"
    },
    "qnli": {
      "acc,none": 0.5412776862529746,
      "acc_stderr,none": 0.006742316681954789,
      "alias": " - qnli"
    },
    "qqp": {
      "acc,none": 0.6317833292109819,
      "acc_stderr,none": 0.002398773845088781,
      "f1,none": 0.00013432735576600176,
      "f1_stderr,none": 0.0001367623878910639,
      "alias": " - qqp"
    },
    "rte": {
      "acc,none": 0.5667870036101083,
      "acc_stderr,none": 0.029826764082138274,
      "alias": " - rte"
    },
    "sst2": {
      "acc,none": 0.8405963302752294,
      "acc_stderr,none": 0.012403202236562305,
      "alias": " - sst2"
    },
    "wnli": {
      "acc,none": 0.5352112676056338,
      "acc_stderr,none": 0.0596130578497224,
      "alias": " - wnli"
    },
    "sciq": {
      "acc,none": 0.935,
      "acc_stderr,none": 0.007799733061832043,
      "acc_norm,none": 0.897,
      "acc_norm_stderr,none": 0.009616833339695739,
      "alias": "sciq"
    },
    "arc_easy": {
      "acc,none": 0.7095959595959596,
      "acc_stderr,none": 0.009314833302936464,
      "acc_norm,none": 0.6553030303030303,
      "acc_norm_stderr,none": 0.009752321586569631,
      "alias": "arc_easy"
    },
    "arc_challenge": {
      "acc,none": 0.3575085324232082,
      "acc_stderr,none": 0.014005494275916665,
      "acc_norm,none": 0.39078498293515357,
      "acc_norm_stderr,none": 0.014258563880513803,
      "alias": "arc_challenge"
    },
    "winogrande": {
      "acc,none": 0.6535122336227308,
      "acc_stderr,none": 0.013373773411685615,
      "alias": "winogrande"
    },
    "piqa": {
      "acc,none": 0.7568008705114254,
      "acc_stderr,none": 0.010009611953858851,
      "acc_norm,none": 0.766050054406964,
      "acc_norm_stderr,none": 0.009877236895137361,
      "alias": "piqa"
    },
    "lambada_openai": {
      "perplexity,none": 3.831894860631218,
      "perplexity_stderr,none": 0.07585619134041872,
      "acc,none": 0.7137589753541627,
      "acc_stderr,none": 0.006297291584451197,
      "alias": "lambada_openai"
    },
    "hellaswag": {
      "acc,none": 0.5041824337781319,
      "acc_stderr,none": 0.0049896068383714276,
      "acc_norm,none": 0.6823341963752241,
      "acc_norm_stderr,none": 0.004646172373100874,
      "alias": "hellaswag"
    }
  }
}