{
  "model": "/home/zhangping/zrc/RWKV-4-Pile-1B5-20220929-ctx4096.pth",
  "tasks": [
    "hellaswag",
    "lambada_openai",
    "piqa",
    "winogrande",
    "arc_challenge",
    "arc_easy",
    "sciq",
    "glue"
  ],
  "num_fewshot": 0,
  "results": {
    "glue": {
      "f1,none": 0.5402058882657166,
      "f1_stderr,none": 0.0026336074683888547,
      "acc,none": 0.3838881610290615,
      "acc_stderr,none": 0.001858489550332426,
      "mcc,none": -0.03990863020638864,
      "mcc_stderr,none": 0.02700261827061244,
      "alias": "glue"
    },
    "cola": {
      "mcc,none": -0.03990863020638864,
      "mcc_stderr,none": 0.027002618270612438,
      "alias": " - cola"
    },
    "mnli": {
      "acc,none": 0.34620478858889453,
      "acc_stderr,none": 0.004802466854590984,
      "alias": " - mnli"
    },
    "mnli_mismatch": {
      "acc,none": 0.3488608624898291,
      "acc_stderr,none": 0.00480688992329597,
      "alias": " - mnli_mismatch"
    },
    "mrpc": {
      "acc,none": 0.6862745098039216,
      "acc_stderr,none": 0.02299993627794339,
      "f1,none": 0.8123167155425219,
      "f1_stderr,none": 0.019364176655846325,
      "alias": " - mrpc"
    },
    "qnli": {
      "acc,none": 0.4982610287387882,
      "acc_stderr,none": 0.006765369634165052,
      "alias": " - qnli"
    },
    "qqp": {
      "acc,none": 0.37269354439772445,
      "acc_stderr,none": 0.0024047465696021082,
      "f1,none": 0.5374598774438284,
      "f1_stderr,none": 0.0026529825511979015,
      "alias": " - qqp"
    },
    "rte": {
      "acc,none": 0.5379061371841155,
      "acc_stderr,none": 0.030009848912529075,
      "alias": " - rte"
    },
    "sst2": {
      "acc,none": 0.8107798165137615,
      "acc_stderr,none": 0.013271686567601288,
      "alias": " - sst2"
    },
    "wnli": {
      "acc,none": 0.43661971830985913,
      "acc_stderr,none": 0.05927935558412972,
      "alias": " - wnli"
    },
    "sciq": {
      "acc,none": 0.858,
      "acc_stderr,none": 0.011043457699378305,
      "acc_norm,none": 0.781,
      "acc_norm_stderr,none": 0.013084731950262116,
      "alias": "sciq"
    },
    "arc_easy": {
      "acc,none": 0.6073232323232324,
      "acc_stderr,none": 0.010020646555538661,
      "acc_norm,none": 0.5374579124579124,
      "acc_norm_stderr,none": 0.010230952104570675,
      "alias": "arc_easy"
    },
    "arc_challenge": {
      "acc,none": 0.24914675767918087,
      "acc_stderr,none": 0.012639407111926505,
      "acc_norm,none": 0.2935153583617747,
      "acc_norm_stderr,none": 0.013307250444941061,
      "alias": "arc_challenge"
    },
    "winogrande": {
      "acc,none": 0.5430149960536701,
      "acc_stderr,none": 0.01400038676159808,
      "alias": "winogrande"
    },
    "piqa": {
      "acc,none": 0.7219804134929271,
      "acc_stderr,none": 0.010453117358332953,
      "acc_norm,none": 0.719804134929271,
      "acc_norm_stderr,none": 0.010478122015577183,
      "alias": "piqa"
    },
    "lambada_openai": {
      "perplexity,none": 7.1064820515161005,
      "perplexity_stderr,none": 0.17956238941386268,
      "acc,none": 0.5639433339802057,
      "acc_stderr,none": 0.006908778538407444,
      "alias": "lambada_openai"
    },
    "hellaswag": {
      "acc,none": 0.41107349133638715,
      "acc_stderr,none": 0.004910229643262805,
      "acc_norm,none": 0.5278828918542123,
      "acc_norm_stderr,none": 0.0049820167024457575,
      "alias": "hellaswag"
    }
  }
}