{
  "model": "/home/zhangping/zrc/rwkvmodels/RWKV-x070-World-2.9B-v3-20250211-ctx4096",
  "tasks": [
    "hellaswag",
    "lambada_openai",
    "piqa",
    "winogrande",
    "arc_challenge",
    "arc_easy",
    "sciq",
    "glue"
  ],
  "num_fewshot": 0,
  "results": {
    "glue": {
      "f1,none": 0.6928835730390357,
      "f1_stderr,none": 0.0036436664119938256,
      "mcc,none": 0.05185503773957725,
      "mcc_stderr,none": 0.032600944586408685,
      "acc,none": 0.6684581943782754,
      "acc_stderr,none": 0.0016703858434417523,
      "alias": "glue"
    },
    "cola": {
      "mcc,none": 0.05185503773957725,
      "mcc_stderr,none": 0.032600944586408685,
      "alias": " - cola"
    },
    "mnli": {
      "acc,none": 0.39449821701477333,
      "acc_stderr,none": 0.004933523584717906,
      "alias": " - mnli"
    },
    "mnli_mismatch": {
      "acc,none": 0.4044955248169243,
      "acc_stderr,none": 0.004949946753591583,
      "alias": " - mnli_mismatch"
    },
    "mrpc": {
      "acc,none": 0.7794117647058824,
      "acc_stderr,none": 0.020553105287596057,
      "f1,none": 0.8534201954397395,
      "f1_stderr,none": 0.016157946331836814,
      "alias": " - mrpc"
    },
    "qnli": {
      "acc,none": 0.5678198791872597,
      "acc_stderr,none": 0.006702886134456929,
      "alias": " - qnli"
    },
    "qqp": {
      "acc,none": 0.8064803363838734,
      "acc_stderr,none": 0.0019647755361788884,
      "f1,none": 0.6912635151132507,
      "f1_stderr,none": 0.003676786809851292,
      "alias": " - qqp"
    },
    "rte": {
      "acc,none": 0.7472924187725631,
      "acc_stderr,none": 0.026157719758464693,
      "alias": " - rte"
    },
    "sst2": {
      "acc,none": 0.893348623853211,
      "acc_stderr,none": 0.010458867008246837,
      "alias": " - sst2"
    },
    "wnli": {
      "acc,none": 0.5352112676056338,
      "acc_stderr,none": 0.0596130578497224,
      "alias": " - wnli"
    },
    "sciq": {
      "acc,none": 0.957,
      "acc_stderr,none": 0.006418114379799739,
      "acc_norm,none": 0.925,
      "acc_norm_stderr,none": 0.008333333333333333,
      "alias": "sciq"
    },
    "arc_easy": {
      "acc,none": 0.7946127946127947,
      "acc_stderr,none": 0.008289582587432806,
      "acc_norm,none": 0.7588383838383839,
      "acc_norm_stderr,none": 0.008778027378257924,
      "alias": "arc_easy"
    },
    "arc_challenge": {
      "acc,none": 0.4598976109215017,
      "acc_stderr,none": 0.01456431885692496,
      "acc_norm,none": 0.5059726962457338,
      "acc_norm_stderr,none": 0.014610348300255798,
      "alias": "arc_challenge"
    },
    "winogrande": {
      "acc,none": 0.7205998421468035,
      "acc_stderr,none": 0.012610826539404754,
      "alias": "winogrande"
    },
    "piqa": {
      "acc,none": 0.7959738846572362,
      "acc_stderr,none": 0.00940237810294258,
      "acc_norm,none": 0.795429815016322,
      "acc_norm_stderr,none": 0.009411688039193577,
      "alias": "piqa"
    },
    "lambada_openai": {
      "perplexity,none": 3.453033720686207,
      "perplexity_stderr,none": 0.06694921490154568,
      "acc,none": 0.7292839122841064,
      "acc_stderr,none": 0.006190381607805064,
      "alias": "lambada_openai"
    },
    "hellaswag": {
      "acc,none": 0.5715992830113523,
      "acc_stderr,none": 0.004938356615955755,
      "acc_norm,none": 0.7652857996415057,
      "acc_norm_stderr,none": 0.00422953892909034,
      "alias": "hellaswag"
    }
  }
}