{
  "model": "/home/zhangping/zrc/RWKV-x070-World-1.5B-v3-20250127-ctx4096",
  "tasks": [
    "glue"
  ],
  "num_fewshot": 0,
  "results": {
    "glue": {
      "f1,none": 0.12266254014404712,
      "f1_stderr,none": 0.003611971145884571,
      "acc,none": 0.5694824916626965,
      "acc_stderr,none": 0.001854195359820924,
      "mcc,none": -0.02509468349080704,
      "mcc_stderr,none": 0.03394285453479587,
      "alias": "glue"
    },
    "cola": {
      "mcc,none": -0.02509468349080704,
      "mcc_stderr,none": 0.03394285453479587,
      "alias": " - cola"
    },
    "mnli": {
      "acc,none": 0.40713194090677535,
      "acc_stderr,none": 0.0049593366216609,
      "alias": " - mnli"
    },
    "mnli_mismatch": {
      "acc,none": 0.3938161106590724,
      "acc_stderr,none": 0.0049277661081306625,
      "alias": " - mnli_mismatch"
    },
    "mrpc": {
      "acc,none": 0.7156862745098039,
      "acc_stderr,none": 0.0223595496798835,
      "f1,none": 0.7819548872180451,
      "f1_stderr,none": 0.02192523988094698,
      "alias": " - mrpc"
    },
    "qnli": {
      "acc,none": 0.5086948563060589,
      "acc_stderr,none": 0.0067643875372351905,
      "alias": " - qnli"
    },
    "qqp": {
      "acc,none": 0.6513232747959437,
      "acc_stderr,none": 0.00237008148961335,
      "f1,none": 0.11600928074245939,
      "f1_stderr,none": 0.0036416781026775103,
      "alias": " - qqp"
    },
    "rte": {
      "acc,none": 0.5306859205776173,
      "acc_stderr,none": 0.030039730592197837,
      "alias": " - rte"
    },
    "sst2": {
      "acc,none": 0.9013761467889908,
      "acc_stderr,none": 0.010102641365451099,
      "alias": " - sst2"
    },
    "wnli": {
      "acc,none": 0.647887323943662,
      "acc_stderr,none": 0.05708756925195616,
      "alias": " - wnli"
    }
  }
}