{
  "model": "RWKV-x060-World-7B-v3-20241112-ctx4096.pth",
  "tasks": [
    "cmmlu"
  ],
  "num_fewshot": 0,
  "results": {
    "cmmlu": {
      "acc,none": 0.45717492661025727,
      "acc_stderr,none": 0.004550344901918767,
      "acc_norm,none": 0.45717492661025727,
      "acc_norm_stderr,none": 0.004550344901918767,
      "alias": "cmmlu"
    },
    "cmmlu_agronomy": {
      "acc,none": 0.47928994082840237,
      "acc_stderr,none": 0.038542732426637354,
      "acc_norm,none": 0.47928994082840237,
      "acc_norm_stderr,none": 0.038542732426637354,
      "alias": " - cmmlu_agronomy"
    },
    "cmmlu_anatomy": {
      "acc,none": 0.31756756756756754,
      "acc_stderr,none": 0.038396287341496825,
      "acc_norm,none": 0.31756756756756754,
      "acc_norm_stderr,none": 0.038396287341496825,
      "alias": " - cmmlu_anatomy"
    },
    "cmmlu_ancient_chinese": {
      "acc,none": 0.2804878048780488,
      "acc_stderr,none": 0.03518700228801573,
      "acc_norm,none": 0.2804878048780488,
      "acc_norm_stderr,none": 0.03518700228801573,
      "alias": " - cmmlu_ancient_chinese"
    },
    "cmmlu_arts": {
      "acc,none": 0.63125,
      "acc_stderr,none": 0.03826204233503223,
      "acc_norm,none": 0.63125,
      "acc_norm_stderr,none": 0.03826204233503223,
      "alias": " - cmmlu_arts"
    },
    "cmmlu_astronomy": {
      "acc,none": 0.38181818181818183,
      "acc_stderr,none": 0.03793713171165631,
      "acc_norm,none": 0.38181818181818183,
      "acc_norm_stderr,none": 0.03793713171165631,
      "alias": " - cmmlu_astronomy"
    },
    "cmmlu_business_ethics": {
      "acc,none": 0.4688995215311005,
      "acc_stderr,none": 0.034601631258720296,
      "acc_norm,none": 0.4688995215311005,
      "acc_norm_stderr,none": 0.034601631258720296,
      "alias": " - cmmlu_business_ethics"
    },
    "cmmlu_chinese_civil_service_exam": {
      "acc,none": 0.44375,
      "acc_stderr,none": 0.03940085379625946,
      "acc_norm,none": 0.44375,
      "acc_norm_stderr,none": 0.03940085379625946,
      "alias": " - cmmlu_chinese_civil_service_exam"
    },
    "cmmlu_chinese_driving_rule": {
      "acc,none": 0.5419847328244275,
      "acc_stderr,none": 0.04369802690578757,
      "acc_norm,none": 0.5419847328244275,
      "acc_norm_stderr,none": 0.04369802690578757,
      "alias": " - cmmlu_chinese_driving_rule"
    },
    "cmmlu_chinese_food_culture": {
      "acc,none": 0.33088235294117646,
      "acc_stderr,none": 0.04049684225945663,
      "acc_norm,none": 0.33088235294117646,
      "acc_norm_stderr,none": 0.04049684225945663,
      "alias": " - cmmlu_chinese_food_culture"
    },
    "cmmlu_chinese_foreign_policy": {
      "acc,none": 0.5327102803738317,
      "acc_stderr,none": 0.04846025774523468,
      "acc_norm,none": 0.5327102803738317,
      "acc_norm_stderr,none": 0.04846025774523468,
      "alias": " - cmmlu_chinese_foreign_policy"
    },
    "cmmlu_chinese_history": {
      "acc,none": 0.5603715170278638,
      "acc_stderr,none": 0.027660052586805168,
      "acc_norm,none": 0.5603715170278638,
      "acc_norm_stderr,none": 0.027660052586805168,
      "alias": " - cmmlu_chinese_history"
    },
    "cmmlu_chinese_literature": {
      "acc,none": 0.38235294117647056,
      "acc_stderr,none": 0.034107853389047135,
      "acc_norm,none": 0.38235294117647056,
      "acc_norm_stderr,none": 0.034107853389047135,
      "alias": " - cmmlu_chinese_literature"
    },
    "cmmlu_chinese_teacher_qualification": {
      "acc,none": 0.5586592178770949,
      "acc_stderr,none": 0.03721778421080525,
      "acc_norm,none": 0.5586592178770949,
      "acc_norm_stderr,none": 0.03721778421080525,
      "alias": " - cmmlu_chinese_teacher_qualification"
    },
    "cmmlu_clinical_knowledge": {
      "acc,none": 0.3628691983122363,
      "acc_stderr,none": 0.031299208255302184,
      "acc_norm,none": 0.3628691983122363,
      "acc_norm_stderr,none": 0.031299208255302184,
      "alias": " - cmmlu_clinical_knowledge"
    },
    "cmmlu_college_actuarial_science": {
      "acc,none": 0.22641509433962265,
      "acc_stderr,none": 0.04084247315337103,
      "acc_norm,none": 0.22641509433962265,
      "acc_norm_stderr,none": 0.04084247315337103,
      "alias": " - cmmlu_college_actuarial_science"
    },
    "cmmlu_college_education": {
      "acc,none": 0.5607476635514018,
      "acc_stderr,none": 0.04820452900637912,
      "acc_norm,none": 0.5607476635514018,
      "acc_norm_stderr,none": 0.04820452900637912,
      "alias": " - cmmlu_college_education"
    },
    "cmmlu_college_engineering_hydrology": {
      "acc,none": 0.49056603773584906,
      "acc_stderr,none": 0.04878631739837744,
      "acc_norm,none": 0.49056603773584906,
      "acc_norm_stderr,none": 0.04878631739837744,
      "alias": " - cmmlu_college_engineering_hydrology"
    },
    "cmmlu_college_law": {
      "acc,none": 0.32407407407407407,
      "acc_stderr,none": 0.04524596007030053,
      "acc_norm,none": 0.32407407407407407,
      "acc_norm_stderr,none": 0.04524596007030053,
      "alias": " - cmmlu_college_law"
    },
    "cmmlu_college_mathematics": {
      "acc,none": 0.24761904761904763,
      "acc_stderr,none": 0.04232473532055043,
      "acc_norm,none": 0.24761904761904763,
      "acc_norm_stderr,none": 0.04232473532055043,
      "alias": " - cmmlu_college_mathematics"
    },
    "cmmlu_college_medical_statistics": {
      "acc,none": 0.36792452830188677,
      "acc_stderr,none": 0.04706187110761453,
      "acc_norm,none": 0.36792452830188677,
      "acc_norm_stderr,none": 0.04706187110761453,
      "alias": " - cmmlu_college_medical_statistics"
    },
    "cmmlu_college_medicine": {
      "acc,none": 0.4249084249084249,
      "acc_stderr,none": 0.029973104080150068,
      "acc_norm,none": 0.4249084249084249,
      "acc_norm_stderr,none": 0.029973104080150068,
      "alias": " - cmmlu_college_medicine"
    },
    "cmmlu_computer_science": {
      "acc,none": 0.46078431372549017,
      "acc_stderr,none": 0.03498501649369533,
      "acc_norm,none": 0.46078431372549017,
      "acc_norm_stderr,none": 0.03498501649369533,
      "alias": " - cmmlu_computer_science"
    },
    "cmmlu_computer_security": {
      "acc,none": 0.5614035087719298,
      "acc_stderr,none": 0.038057975055904594,
      "acc_norm,none": 0.5614035087719298,
      "acc_norm_stderr,none": 0.038057975055904594,
      "alias": " - cmmlu_computer_security"
    },
    "cmmlu_conceptual_physics": {
      "acc,none": 0.4217687074829932,
      "acc_stderr,none": 0.04087065002374963,
      "acc_norm,none": 0.4217687074829932,
      "acc_norm_stderr,none": 0.04087065002374963,
      "alias": " - cmmlu_conceptual_physics"
    },
    "cmmlu_construction_project_management": {
      "acc,none": 0.45323741007194246,
      "acc_stderr,none": 0.042376270036392404,
      "acc_norm,none": 0.45323741007194246,
      "acc_norm_stderr,none": 0.042376270036392404,
      "alias": " - cmmlu_construction_project_management"
    },
    "cmmlu_economics": {
      "acc,none": 0.4528301886792453,
      "acc_stderr,none": 0.03960045781124928,
      "acc_norm,none": 0.4528301886792453,
      "acc_norm_stderr,none": 0.03960045781124928,
      "alias": " - cmmlu_economics"
    },
    "cmmlu_education": {
      "acc,none": 0.5153374233128835,
      "acc_stderr,none": 0.039265223787088396,
      "acc_norm,none": 0.5153374233128835,
      "acc_norm_stderr,none": 0.039265223787088396,
      "alias": " - cmmlu_education"
    },
    "cmmlu_electrical_engineering": {
      "acc,none": 0.4069767441860465,
      "acc_stderr,none": 0.03756839173779931,
      "acc_norm,none": 0.4069767441860465,
      "acc_norm_stderr,none": 0.03756839173779931,
      "alias": " - cmmlu_electrical_engineering"
    },
    "cmmlu_elementary_chinese": {
      "acc,none": 0.4007936507936508,
      "acc_stderr,none": 0.030932267624392547,
      "acc_norm,none": 0.4007936507936508,
      "acc_norm_stderr,none": 0.030932267624392547,
      "alias": " - cmmlu_elementary_chinese"
    },