{
  "model": "/home/zhangping/zrc/rwkvmodels/RWKV-x070-World-1.5B-v3-20250127-ctx4096",
  "tasks": [
    "hellaswag",
    "lambada_openai",
    "piqa",
    "winogrande",
    "arc_challenge",
    "arc_easy",
    "sciq",
    "glue",
    "lambada_multilingual",
    "xnli",
    "xcopa",
    "xstorycloze",
    "xwinograd",
    "pawsx"
  ],
  "num_fewshot": 0,
  "results": {
    "pawsx": {
      "acc,none": 0.46364285714285713,
      "acc_stderr,none": 0.004179470819985029,
      "alias": "pawsx"
    },
    "paws_de": {
      "acc,none": 0.408,
      "acc_stderr,none": 0.010992197878818574,
      "alias": " - paws_de"
    },
    "paws_en": {
      "acc,none": 0.369,
      "acc_stderr,none": 0.010792485296234354,
      "alias": " - paws_en"
    },
    "paws_es": {
      "acc,none": 0.395,
      "acc_stderr,none": 0.010933767586555808,
      "alias": " - paws_es"
    },
    "paws_fr": {
      "acc,none": 0.534,
      "acc_stderr,none": 0.011157250652426006,
      "alias": " - paws_fr"
    },
    "paws_ja": {
      "acc,none": 0.533,
      "acc_stderr,none": 0.011158752568250616,
      "alias": " - paws_ja"
    },
    "paws_ko": {
      "acc,none": 0.5095,
      "acc_stderr,none": 0.011181117282805235,
      "alias": " - paws_ko"
    },
    "paws_zh": {
      "acc,none": 0.497,
      "acc_stderr,none": 0.011182934722804532,
      "alias": " - paws_zh"
    },
    "xwinograd": {
      "acc,none": 0.7866936390200044,
      "acc_stderr,none": 0.006008678063931384,
      "alias": "xwinograd"
    },
    "xwinograd_en": {
      "acc,none": 0.8666666666666667,
      "acc_stderr,none": 0.007051432501634683,
      "alias": " - xwinograd_en"
    },
    "xwinograd_fr": {
      "acc,none": 0.6506024096385542,
      "acc_stderr,none": 0.052651513564404735,
      "alias": " - xwinograd_fr"
    },
    "xwinograd_jp": {
      "acc,none": 0.6830031282586028,
      "acc_stderr,none": 0.015033360781120409,
      "alias": " - xwinograd_jp"
    },
    "xwinograd_pt": {
      "acc,none": 0.7110266159695817,
      "acc_stderr,none": 0.028004073269182656,
      "alias": " - xwinograd_pt"
    },
    "xwinograd_ru": {
      "acc,none": 0.6761904761904762,
      "acc_stderr,none": 0.026406722996730005,
      "alias": " - xwinograd_ru"
    },
    "xwinograd_zh": {
      "acc,none": 0.746031746031746,
      "acc_stderr,none": 0.0194081606467742,
      "alias": " - xwinograd_zh"
    },
    "xstorycloze": {
      "acc,none": 0.6113350580590818,
      "acc_stderr,none": 0.003750575818524975,
      "alias": "xstorycloze"
    },
    "xstorycloze_ar": {
      "acc,none": 0.5744540039708802,
      "acc_stderr,none": 0.012723670419166227,
      "alias": " - xstorycloze_ar"
    },
    "xstorycloze_en": {
      "acc,none": 0.757114493712773,
      "acc_stderr,none": 0.011035527729418794,
      "alias": " - xstorycloze_en"
    },
    "xstorycloze_es": {
      "acc,none": 0.6565188616810059,
      "acc_stderr,none": 0.012220432513619225,
      "alias": " - xstorycloze_es"
    },
    "xstorycloze_eu": {
      "acc,none": 0.5612177365982793,
      "acc_stderr,none": 0.012770319186938148,
      "alias": " - xstorycloze_eu"
    },
    "xstorycloze_hi": {
      "acc,none": 0.5830575777630708,
      "acc_stderr,none": 0.01268835412160769,
      "alias": " - xstorycloze_hi"
    },
    "xstorycloze_id": {
      "acc,none": 0.6360026472534746,
      "acc_stderr,none": 0.01238198006878836,
      "alias": " - xstorycloze_id"
    },
    "xstorycloze_my": {
      "acc,none": 0.5387160820648577,
      "acc_stderr,none": 0.012828493353271533,
      "alias": " - xstorycloze_my"
    },
    "xstorycloze_ru": {
      "acc,none": 0.6512243547319656,
      "acc_stderr,none": 0.012264502012981378,
      "alias": " - xstorycloze_ru"
    },
    "xstorycloze_sw": {
      "acc,none": 0.5274652547981469,
      "acc_stderr,none": 0.012847698270388189,
      "alias": " - xstorycloze_sw"
    },
    "xstorycloze_te": {
      "acc,none": 0.5982792852415619,
      "acc_stderr,none": 0.012616114526927909,
      "alias": " - xstorycloze_te"
    },
    "xstorycloze_zh": {
      "acc,none": 0.6406353408338848,
      "acc_stderr,none": 0.012347659802101577,
      "alias": " - xstorycloze_zh"
    },
    "xcopa": {
      "acc,none": 0.5956363636363636,
      "acc_stderr,none": 0.006562951048966011,
      "alias": "xcopa"
    },
    "xcopa_et": {
      "acc,none": 0.582,
      "acc_stderr,none": 0.022080014812228193,
      "alias": " - xcopa_et"
    },
    "xcopa_ht": {
      "acc,none": 0.506,
      "acc_stderr,none": 0.022381462412439424,
      "alias": " - xcopa_ht"
    },
    "xcopa_id": {
      "acc,none": 0.69,
      "acc_stderr,none": 0.020704041021724684,
      "alias": " - xcopa_id"
    },
    "xcopa_it": {
      "acc,none": 0.662,
      "acc_stderr,none": 0.021175665695209456,
      "alias": " - xcopa_it"
    },
    "xcopa_qu": {
      "acc,none": 0.492,
      "acc_stderr,none": 0.022380208834928014,
      "alias": " - xcopa_qu"
    },
    "xcopa_sw": {
      "acc,none": 0.54,
      "acc_stderr,none": 0.022311333245289593,
      "alias": " - xcopa_sw"
    },
    "xcopa_ta": {
      "acc,none": 0.564,
      "acc_stderr,none": 0.022198954641476896,
      "alias": " - xcopa_ta"
    },
    "xcopa_th": {
      "acc,none": 0.564,
      "acc_stderr,none": 0.022198954641476896,
      "alias": " - xcopa_th"
    },
    "xcopa_tr": {
      "acc,none": 0.612,
      "acc_stderr,none": 0.021814300984787705,
      "alias": " - xcopa_tr"
    },
    "xcopa_vi": {
      "acc,none": 0.666,
      "acc_stderr,none": 0.02111349234774381,
      "alias": " - xcopa_vi"
    },
    "xcopa_zh": {
      "acc,none": 0.674,
      "acc_stderr,none": 0.020984009562393675,
      "alias": " - xcopa_zh"
    },
    "xnli": {
      "acc,none": 0.4354343720491029,
      "acc_stderr,none": 0.002397882203657632,
      "alias": "xnli"
    },
    "xnli_ar": {
      "acc,none": 0.3461847389558233,
      "acc_stderr,none": 0.009536061379898198,
      "alias": " - xnli_ar"
    },
    "xnli_bg": {
      "acc,none": 0.43614457831325304,
      "acc_stderr,none": 0.009940006562498747,
      "alias": " - xnli_bg"
    },
    "xnli_de": {
      "acc,none": 0.4931726907630522,
      "acc_stderr,none": 0.010021138522919117,
      "alias": " - xnli_de"
    },
    "xnli_el": {
      "acc,none": 0.41004016064257026,
      "acc_stderr,none": 0.009858525713807988,
      "alias": " - xnli_el"
    },
    "xnli_en": {
      "acc,none": 0.5538152610441767,
      "acc_stderr,none": 0.009963854274139225,
      "alias": " - xnli_en"
    },
    "xnli_es": {
      "acc,none": 0.42289156626506025,
      "acc_stderr,none": 0.009902179034797409,
      "alias": " - xnli_es"
    },
    "xnli_eu": {
      "acc,none": 0.4499001996007984,
      "acc_stderr,none": 0.007029158248450866,
      "alias": " - xnli_eu"
    },
    "xnli_fr": {
      "acc,none": 0.4843373493975904,
      "acc_stderr,none": 0.010017154458106754,
      "alias": " - xnli_fr"
    },
    "xnli_hi": {
      "acc,none": 0.4542168674698795,
      "acc_stderr,none": 0.00997996999168059,
      "alias": " - xnli_hi"
    },
    "xnli_ru": {
      "acc,none": 0.45863453815261046,
      "acc_stderr,none": 0.009987716412406457,
      "alias": " - xnli_ru"
    },
    "xnli_sw": {
      "acc,none": 0.36586345381526103,
      "acc_stderr,none": 0.009654692765572667,
      "alias": " - xnli_sw"
    },
    "xnli_th": {
      "acc,none": 0.41606425702811245,
      "acc_stderr,none": 0.009879848511479614,
      "alias": " - xnli_th"
    },
    "xnli_tr": {
      "acc,none": 0.4433734939759036,
      "acc_stderr,none": 0.009957592660538556,
      "alias": " - xnli_tr"
    },
    "xnli_ur": {
      "acc,none": 0.38112449799196785,
      "acc_stderr,none": 0.009734701300519745,
      "alias": " - xnli_ur"
    },
    "xnli_vi": {
      "acc,none": 0.4457831325301205,
      "acc_stderr,none": 0.009962979511168193,
      "alias": " - xnli_vi"
    },
    "xnli_zh": {
      "acc,none": 0.39076305220883534,
      "acc_stderr,none": 0.00977996757994181,