{
  "model": "/home/zhangping/zrc/rwkvmodels/RWKV-x070-World-0.1B-v2.8-20241210-ctx4096",
  "tasks": [
    "hellaswag",
    "lambada_openai",
    "piqa",
    "winogrande",
    "arc_challenge",
    "arc_easy",
    "sciq",
    "glue",
    "lambada_multilingual",
    "xnli",
    "xcopa",
    "xstorycloze",
    "xwinograd",
    "pawsx"
  ],
  "num_fewshot": 0,
  "results": {
    "pawsx": {
      "acc,none": 0.5357857142857143,
      "acc_stderr,none": 0.0042132348157421515,
      "alias": "pawsx"
    },
    "paws_de": {
      "acc,none": 0.544,
      "acc_stderr,none": 0.011139750761283294,
      "alias": " - paws_de"
    },
    "paws_en": {
      "acc,none": 0.52,
      "acc_stderr,none": 0.011174185930778483,
      "alias": " - paws_en"
    },
    "paws_es": {
      "acc,none": 0.5,
      "acc_stderr,none": 0.011183136021064612,
      "alias": " - paws_es"
    },
    "paws_fr": {
      "acc,none": 0.5475,
      "acc_stderr,none": 0.011132557743886193,
      "alias": " - paws_fr"
    },
    "paws_ja": {
      "acc,none": 0.5545,
      "acc_stderr,none": 0.011116504096687314,
      "alias": " - paws_ja"
    },
    "paws_ko": {
      "acc,none": 0.535,
      "acc_stderr,none": 0.011155703691943023,
      "alias": " - paws_ko"
    },
    "paws_zh": {
      "acc,none": 0.5495,
      "acc_stderr,none": 0.011128198119942794,
      "alias": " - paws_zh"
    },
    "xwinograd": {
      "acc,none": 0.6295796808271522,
      "acc_stderr,none": 0.007162034989229978,
      "alias": "xwinograd"
    },
    "xwinograd_en": {
      "acc,none": 0.6911827956989247,
      "acc_stderr,none": 0.009583610207426685,
      "alias": " - xwinograd_en"
    },
    "xwinograd_fr": {
      "acc,none": 0.5783132530120482,
      "acc_stderr,none": 0.054534284852951136,
      "alias": " - xwinograd_fr"
    },
    "xwinograd_jp": {
      "acc,none": 0.5307612095933264,
      "acc_stderr,none": 0.016123665745137294,
      "alias": " - xwinograd_jp"
    },
    "xwinograd_pt": {
      "acc,none": 0.5171102661596958,
      "acc_stderr,none": 0.030872011014694053,
      "alias": " - xwinograd_pt"
    },
    "xwinograd_ru": {
      "acc,none": 0.5555555555555556,
      "acc_stderr,none": 0.02804191472917049,
      "alias": " - xwinograd_ru"
    },
    "xwinograd_zh": {
      "acc,none": 0.6468253968253969,
      "acc_stderr,none": 0.021311021744798764,
      "alias": " - xwinograd_zh"
    },
    "xstorycloze": {
      "acc,none": 0.5237951988448348,
      "acc_stderr,none": 0.0038651686434598813,
      "alias": "xstorycloze"
    },
    "xstorycloze_ar": {
      "acc,none": 0.47650562541363334,
      "acc_stderr,none": 0.012852912530051802,
      "alias": " - xstorycloze_ar"
    },
    "xstorycloze_en": {
      "acc,none": 0.6227663798808736,
      "acc_stderr,none": 0.012473240654741232,
      "alias": " - xstorycloze_en"
    },
    "xstorycloze_es": {
      "acc,none": 0.5387160820648577,
      "acc_stderr,none": 0.012828493353271533,
      "alias": " - xstorycloze_es"
    },
    "xstorycloze_eu": {
      "acc,none": 0.5181998676373263,
      "acc_stderr,none": 0.012858598401831824,
      "alias": " - xstorycloze_eu"
    },
    "xstorycloze_hi": {
      "acc,none": 0.5122435473196558,
      "acc_stderr,none": 0.012863267059205628,
      "alias": " - xstorycloze_hi"
    },
    "xstorycloze_id": {
      "acc,none": 0.5082726671078756,
      "acc_stderr,none": 0.012865364020375395,
      "alias": " - xstorycloze_id"
    },
    "xstorycloze_my": {
      "acc,none": 0.5036399735274653,
      "acc_stderr,none": 0.012866784348289086,
      "alias": " - xstorycloze_my"
    },
    "xstorycloze_ru": {
      "acc,none": 0.514890800794176,
      "acc_stderr,none": 0.012861417842073869,
      "alias": " - xstorycloze_ru"
    },
    "xstorycloze_sw": {
      "acc,none": 0.49636002647253474,
      "acc_stderr,none": 0.012866784348289086,
      "alias": " - xstorycloze_sw"
    },
    "xstorycloze_te": {
      "acc,none": 0.5320979483785573,
      "acc_stderr,none": 0.012840584503981858,
      "alias": " - xstorycloze_te"
    },
    "xstorycloze_zh": {
      "acc,none": 0.5380542686962276,
      "acc_stderr,none": 0.012829804720321596,
      "alias": " - xstorycloze_zh"
    },
    "xcopa": {
      "acc,none": 0.5305454545454545,
      "acc_stderr,none": 0.006731530512382464,
      "alias": "xcopa"
    },
    "xcopa_et": {
      "acc,none": 0.5,
      "acc_stderr,none": 0.022383074051792257,
      "alias": " - xcopa_et"
    },
    "xcopa_ht": {
      "acc,none": 0.536,
      "acc_stderr,none": 0.02232498173838533,
      "alias": " - xcopa_ht"
    },
    "xcopa_id": {
      "acc,none": 0.55,
      "acc_stderr,none": 0.02227087748536047,
      "alias": " - xcopa_id"
    },
    "xcopa_it": {
      "acc,none": 0.532,
      "acc_stderr,none": 0.022337186479044292,
      "alias": " - xcopa_it"
    },
    "xcopa_qu": {
      "acc,none": 0.498,
      "acc_stderr,none": 0.022382894986483586,
      "alias": " - xcopa_qu"
    },
    "xcopa_sw": {
      "acc,none": 0.528,
      "acc_stderr,none": 0.022347949832668024,
      "alias": " - xcopa_sw"
    },
    "xcopa_ta": {
      "acc,none": 0.544,
      "acc_stderr,none": 0.022296238348407067,
      "alias": " - xcopa_ta"
    },
    "xcopa_th": {
      "acc,none": 0.56,
      "acc_stderr,none": 0.022221331534143057,
      "alias": " - xcopa_th"
    },
    "xcopa_tr": {
      "acc,none": 0.518,
      "acc_stderr,none": 0.022368565117387874,
      "alias": " - xcopa_tr"
    },
    "xcopa_vi": {
      "acc,none": 0.528,
      "acc_stderr,none": 0.022347949832668024,
      "alias": " - xcopa_vi"
    },
    "xcopa_zh": {
      "acc,none": 0.542,
      "acc_stderr,none": 0.022303966774269896,
      "alias": " - xcopa_zh"
    },
    "xnli": {
      "acc,none": 0.37271010387157694,
      "acc_stderr,none": 0.002342022631310913,
      "alias": "xnli"
    },
    "xnli_ar": {
      "acc,none": 0.3417670682730924,
      "acc_stderr,none": 0.00950697739828753,
      "alias": " - xnli_ar"
    },
    "xnli_bg": {
      "acc,none": 0.3654618473895582,
      "acc_stderr,none": 0.009652447412833746,
      "alias": " - xnli_bg"
    },
    "xnli_de": {
      "acc,none": 0.41526104417670684,
      "acc_stderr,none": 0.009877093420328692,
      "alias": " - xnli_de"
    },
    "xnli_el": {
      "acc,none": 0.3381526104417671,
      "acc_stderr,none": 0.00948250005798115,
      "alias": " - xnli_el"
    },
    "xnli_en": {
      "acc,none": 0.4746987951807229,
      "acc_stderr,none": 0.01000923336349928,
      "alias": " - xnli_en"
    },
    "xnli_es": {
      "acc,none": 0.3855421686746988,
      "acc_stderr,none": 0.009755949341224415,
      "alias": " - xnli_es"
    },
    "xnli_eu": {
      "acc,none": 0.36147704590818364,
      "acc_stderr,none": 0.006788176149316828,
      "alias": " - xnli_eu"
    },
    "xnli_fr": {
      "acc,none": 0.42730923694779116,
      "acc_stderr,none": 0.009915595034908332,
      "alias": " - xnli_fr"
    },
    "xnli_hi": {
      "acc,none": 0.3469879518072289,
      "acc_stderr,none": 0.009541251561568336,
      "alias": " - xnli_hi"
    },
    "xnli_ru": {
      "acc,none": 0.43052208835341366,
      "acc_stderr,none": 0.009924844537285434,
      "alias": " - xnli_ru"
    },
    "xnli_sw": {
      "acc,none": 0.3506024096385542,
      "acc_stderr,none": 0.00956423715620593,
      "alias": " - xnli_sw"
    },
    "xnli_th": {
      "acc,none": 0.3481927710843373,
      "acc_stderr,none": 0.009548980649153386,
      "alias": " - xnli_th"
    },
    "xnli_tr": {
      "acc,none": 0.351004016064257,
      "acc_stderr,none": 0.009566753834803376,
      "alias": " - xnli_tr"
    },
    "xnli_ur": {
      "acc,none": 0.3357429718875502,
      "acc_stderr,none": 0.0094658386173374,
      "alias": " - xnli_ur"
    },
    "xnli_vi": {
      "acc,none": 0.36626506024096384,
      "acc_stderr,none": 0.009656930886014601,
      "alias": " - xnli_vi"
    },
    "xnli_zh": {
      "acc,none": 0.3357429718875502,
      "acc_stderr,none": 0.0094658386173374,